{
    "avg_prec": {
        "train": 0.9583864977480275,
        "test": 0.931859384309244
    },
    "roc_auc": {
        "train": 0.978285556678751,
        "test": 0.9590971650707139
    }
}
