{
    "avg_prec": {
        "train": 0.9762408578993191,
        "test": 0.9558932966331413
    },
    "roc_auc": {
        "train": 0.9877985205046206,
        "test": 0.9717907953559732
    }
}
